{
	"schemaVersion": 1,
	"id": "no6-school",
	"version": "${version}",
	"name": "No.6 School",
	"description": "This is an example description! Tell everyone what your mod is about!",
	"authors": [
		"Me!"
	],
	"contact": {
		"homepage": "https://fabricmc.net/",
		"sources": "https://github.com/FabricMC/fabric-example-mod"
	},
	"license": "CC0-1.0",
	"icon": "assets/no6-school/icon.png",
	"environment": "*",
	"entrypoints": {
		"main": [
			"com.straight_ocean.No6School"
		],
		"fabric-datagen": [
			"com.straight_ocean.No6SchoolDataGenerator"
		]
	},
	"mixins": [
		"no6-school.mixins.json"
	],
	"depends": {
		"fabricloader": ">=0.16.13",
		"minecraft": "~1.20.1",
		"java": ">=17",
		"fabric-api": "*"
	},
	"suggests": {
		"another-mod": "*"
	}
}